{"coverage": 86.3265306122449, "raw_data": {"meta": {"format": 2, "version": "7.5.0", "timestamp": "2024-04-28T05:04:56.634233", "branch_coverage": false, "show_contexts": false}, "files": {"src/action.py": {"executed_lines": [1, 6, 7, 8, 9, 10, 12, 13, 14, 15, 16, 17, 20, 21, 23, 25, 26, 28, 44, 45, 46, 47, 51, 52, 53, 54, 55, 60, 61, 62, 64, 65, 67, 69, 70, 71, 72, 73, 74, 77, 81, 83, 94, 96, 97, 98, 99, 100, 101, 102, 104, 119, 120, 122, 124, 130, 131, 134, 135, 136, 137, 138, 139, 140, 145, 160, 169, 175, 176, 178, 184, 190, 191, 192, 194, 198, 199, 200, 201, 202, 203, 204, 205, 210, 217, 218, 219, 222, 224, 225, 226, 227, 228, 229], "summary": {"covered_lines": 92, "num_statements": 108, "percent_covered": 85.18518518518519, "percent_covered_display": "85", "missing_lines": 16, "excluded_lines": 0}, "missing_lines": [75, 76, 78, 133, 141, 142, 143, 151, 152, 153, 166, 167, 206, 209, 213, 216], "excluded_lines": []}, "src/amazon_dash.py": {"executed_lines": [1, 7, 8, 9, 10, 12, 13, 14, 16, 17, 19, 24, 25, 27, 29, 30, 31, 32, 33, 37, 38, 40, 42, 43, 45, 47, 49, 50, 51, 52, 55, 57, 59, 60, 61, 62, 65, 68, 70, 72, 73, 74, 75, 76, 85, 90, 91, 96, 98, 99, 101, 103, 104, 105, 108, 109, 110, 112, 114, 116, 118, 119, 120, 121, 124], "summary": {"covered_lines": 62, "num_statements": 68, "percent_covered": 91.17647058823529, "percent_covered_display": "91", "missing_lines": 6, "excluded_lines": 3}, "missing_lines": [78, 79, 80, 81, 82, 83], "excluded_lines": [124, 125, 126]}, "src/google_api.py": {"executed_lines": [1, 3, 4, 6, 7, 8, 10, 13, 14, 16, 18, 20, 21, 22, 24, 26, 27, 35, 36, 40, 42, 44, 46, 47, 49, 51, 53, 54, 55, 57, 63, 67], "summary": {"covered_lines": 30, "num_statements": 33, "percent_covered": 90.9090909090909, "percent_covered_display": "91", "missing_lines": 3, "excluded_lines": 0}, "missing_lines": [61, 65, 69], "excluded_lines": []}, "src/google_calendar.py": {"executed_lines": [1, 3, 4, 5, 6, 8, 10, 11, 16, 17, 19, 21, 22, 23, 25, 47, 49, 51, 53, 54, 55, 56, 58, 60, 72, 80, 87, 88, 90, 107, 108, 110, 111, 114, 115, 117, 118, 121, 123, 128, 130, 136, 140, 148, 150, 152, 154, 156, 158, 163, 192], "summary": {"covered_lines": 48, "num_statements": 75, "percent_covered": 64.0, "percent_covered_display": "64", "missing_lines": 27, "excluded_lines": 2}, "missing_lines": [34, 35, 36, 37, 38, 41, 42, 43, 44, 45, 116, 119, 165, 167, 168, 169, 172, 175, 176, 177, 178, 180, 183, 184, 187, 188, 189], "excluded_lines": [192, 193]}, "src/google_sheet.py": {"executed_lines": [1, 3, 4, 6, 7, 9, 12, 13, 15, 23, 28, 29, 30, 31, 32, 34, 41, 42, 43, 44, 45, 46, 48, 50, 51, 52, 57, 66, 67, 77, 79, 80, 81, 86, 92, 93, 94, 97, 107, 108, 109, 110, 111, 112, 113, 115, 124, 127, 128, 129, 130, 131, 132, 133, 139, 144, 145, 150, 152, 155, 157, 162, 176, 178, 183, 196, 198, 213, 218, 220, 222, 246, 251, 253, 258, 269, 270, 272, 274, 277, 288], "summary": {"covered_lines": 78, "num_statements": 87, "percent_covered": 89.65517241379311, "percent_covered_display": "90", "missing_lines": 9, "excluded_lines": 2}, "missing_lines": [134, 136, 137, 279, 281, 282, 283, 284, 285], "excluded_lines": [288, 289]}, "src/ifttt.py": {"executed_lines": [1, 6, 7, 9, 10, 12, 15, 16, 18, 20, 21, 22, 24, 26, 27, 29, 31, 33, 34, 35, 41, 42, 43, 44, 47, 57], "summary": {"covered_lines": 23, "num_statements": 28, "percent_covered": 82.14285714285714, "percent_covered_display": "82", "missing_lines": 5, "excluded_lines": 2}, "missing_lines": [49, 51, 52, 53, 54], "excluded_lines": [57, 58]}, "src/models.py": {"executed_lines": [1, 3, 5, 8, 9, 11, 12, 13, 16, 17, 19, 20, 21, 24, 25, 27, 28, 29, 32, 35, 36, 38, 39, 43, 44, 45, 46, 49, 52, 53, 55, 56, 57, 58, 59, 60, 61, 62, 65, 66, 68, 69, 70, 71, 72, 73, 74, 77, 78, 80, 81, 82, 83, 84, 87, 88, 90, 91, 92, 93, 94, 97, 98, 101, 102, 105, 106, 109, 110, 112, 113, 114, 115, 116, 117, 118, 119, 120, 123, 124], "summary": {"covered_lines": 70, "num_statements": 70, "percent_covered": 100.0, "percent_covered_display": "100", "missing_lines": 0, "excluded_lines": 0}, "missing_lines": [], "excluded_lines": []}, "src/openhab.py": {"executed_lines": [1, 6, 8, 10, 13, 14, 16, 18, 20, 22, 23, 24, 25, 30, 32, 35, 36, 37, 38, 42, 44, 45], "summary": {"covered_lines": 20, "num_statements": 20, "percent_covered": 100.0, "percent_covered_display": "100", "missing_lines": 0, "excluded_lines": 0}, "missing_lines": [], "excluded_lines": []}, "src/version.py": {"executed_lines": [], "summary": {"covered_lines": 0, "num_statements": 1, "percent_covered": 0.0, "percent_covered_display": "0", "missing_lines": 1, "excluded_lines": 0}, "missing_lines": [1], "excluded_lines": []}}, "totals": {"covered_lines": 423, "num_statements": 490, "percent_covered": 86.3265306122449, "percent_covered_display": "86", "missing_lines": 67, "excluded_lines": 9}}, "coverage_path": "."}