{"coverage": 91.94805194805195, "raw_data": {"meta": {"version": "7.3.1", "timestamp": "2023-09-17T05:59:28.758440", "branch_coverage": false, "show_contexts": false}, "files": {"src/action.py": {"executed_lines": [1, 5, 6, 7, 8, 10, 11, 12, 13, 14, 17, 18, 20, 22, 23, 25, 39, 40, 41, 42, 46, 47, 48, 49, 50, 51, 56, 57, 58, 60, 61, 63, 65, 66, 67, 68, 69, 70, 73, 77, 79, 87, 89, 90, 91, 92, 93, 94, 95, 97, 98, 99, 100, 101, 104, 105, 106, 107, 109, 111, 117, 118, 121, 122, 123, 124, 125, 126, 127, 131, 143, 150, 154, 155, 157, 161, 167, 168, 170, 172, 173, 174, 175, 176, 177, 178, 183, 190, 191, 192, 195, 197, 198, 199, 200, 201], "summary": {"covered_lines": 94, "num_statements": 109, "percent_covered": 86.23853211009174, "percent_covered_display": "86", "missing_lines": 15, "excluded_lines": 0}, "missing_lines": [71, 72, 74, 103, 120, 128, 129, 135, 136, 147, 148, 179, 182, 186, 189], "excluded_lines": []}, "src/amazon_dash.py": {"executed_lines": [1, 7, 8, 9, 10, 11, 13, 14, 15, 17, 20, 22, 25, 27, 30, 31, 32, 33, 34, 37, 40, 45, 47, 48, 49, 50, 51, 54, 56, 57, 58, 59, 60, 63, 65, 66, 67, 68, 69, 70, 73, 75, 76, 77, 78, 79, 89, 91, 95, 98, 99, 100, 101, 104, 106, 109, 113, 114, 115, 116, 117, 120], "summary": {"covered_lines": 60, "num_statements": 66, "percent_covered": 90.9090909090909, "percent_covered_display": "91", "missing_lines": 6, "excluded_lines": 2}, "missing_lines": [81, 82, 83, 84, 85, 86], "excluded_lines": [120, 121]}, "src/google_api.py": {"executed_lines": [1, 2, 3, 5, 6, 7, 10, 11, 13, 15, 16, 17, 19, 21, 22, 30, 31, 35, 37, 39, 41, 42, 44, 46, 48, 49, 50, 52, 58, 62], "summary": {"covered_lines": 28, "num_statements": 31, "percent_covered": 90.3225806451613, "percent_covered_display": "90", "missing_lines": 3, "excluded_lines": 0}, "missing_lines": [56, 60, 64], "excluded_lines": []}, "src/google_calendar.py": {"executed_lines": [1, 3, 4, 5, 6, 8, 10, 15, 16, 18, 20, 21, 22, 24, 33, 34, 35, 36, 37, 40, 41, 42, 46, 48, 50, 52, 53, 54, 55, 57, 59, 71, 79, 86, 87, 89, 106, 107, 109, 110, 113, 114, 116, 117, 120, 122, 126, 128, 134, 138, 146, 148, 150, 152, 154, 156, 161], "summary": {"covered_lines": 54, "num_statements": 58, "percent_covered": 93.10344827586206, "percent_covered_display": "93", "missing_lines": 4, "excluded_lines": 5}, "missing_lines": [43, 44, 115, 118], "excluded_lines": [161, 162, 164, 165, 166]}, "src/google_sheet.py": {"executed_lines": [1, 3, 4, 6, 8, 11, 12, 14, 22, 27, 28, 29, 30, 31, 33, 40, 41, 42, 43, 44, 45, 47, 49, 50, 51, 56, 65, 66, 76, 78, 79, 80, 85, 91, 92, 93, 96, 106, 107, 108, 109, 110, 111, 112, 114, 123, 126, 127, 128, 129, 130, 131, 132, 138, 143, 144, 149, 151, 154, 156, 161, 175, 177, 182, 195, 197, 212, 217, 219, 221, 245, 250, 252, 257, 268, 269, 271, 273, 276], "summary": {"covered_lines": 76, "num_statements": 79, "percent_covered": 96.20253164556962, "percent_covered_display": "96", "missing_lines": 3, "excluded_lines": 6}, "missing_lines": [133, 135, 136], "excluded_lines": [276, 277, 279, 280, 281, 282]}, "src/ifttt.py": {"executed_lines": [1, 5, 6, 8, 9, 12, 13, 15, 17, 18, 19, 21, 23, 24, 26, 28, 30, 31, 32, 38, 39, 40, 41, 44], "summary": {"covered_lines": 21, "num_statements": 21, "percent_covered": 100.0, "percent_covered_display": "100", "missing_lines": 0, "excluded_lines": 5}, "missing_lines": [], "excluded_lines": [44, 45, 47, 48, 49]}, "src/openhab.py": {"executed_lines": [1, 6, 7, 9, 12, 13, 15, 17, 19, 21, 22, 23, 24, 29, 31, 34, 35, 36, 37, 41, 43, 44], "summary": {"covered_lines": 20, "num_statements": 20, "percent_covered": 100.0, "percent_covered_display": "100", "missing_lines": 0, "excluded_lines": 0}, "missing_lines": [], "excluded_lines": []}, "src/version.py": {"executed_lines": [1], "summary": {"covered_lines": 1, "num_statements": 1, "percent_covered": 100.0, "percent_covered_display": "100", "missing_lines": 0, "excluded_lines": 0}, "missing_lines": [], "excluded_lines": []}}, "totals": {"covered_lines": 354, "num_statements": 385, "percent_covered": 91.94805194805195, "percent_covered_display": "92", "missing_lines": 31, "excluded_lines": 18}}}