{"coverage": 48.40425531914894, "raw_data": {"meta": {"version": "7.3.1", "timestamp": "2023-09-10T06:29:09.137460", "branch_coverage": false, "show_contexts": false}, "files": {"src/action.py": {"executed_lines": [1, 5, 6, 7, 8, 10, 11, 12, 13, 16, 17, 19, 21, 22, 24, 38, 39, 40, 41, 45, 46, 47, 48, 49, 50, 55, 56, 57, 59, 60, 62, 64, 65, 66, 67, 68, 69, 72, 75, 77, 83, 85, 86, 87, 88, 89, 90, 91, 92, 93, 94, 95, 96, 97, 99, 100, 101, 102, 103, 106, 107, 108, 109, 111, 113, 119, 120, 123, 124, 125, 126, 127, 128, 129, 133, 143, 148, 150, 151, 153, 155, 161, 162, 164, 166, 167, 168, 169, 170, 171, 176, 183, 184, 185, 188, 190, 191, 192, 193, 194], "summary": {"covered_lines": 98, "num_statements": 113, "percent_covered": 86.72566371681415, "percent_covered_display": "87", "missing_lines": 15, "excluded_lines": 0}, "missing_lines": [70, 71, 73, 105, 122, 130, 131, 135, 136, 145, 146, 172, 175, 179, 182], "excluded_lines": []}, "src/amazon_dash.py": {"executed_lines": [1, 7, 8, 9, 10, 11, 13, 14, 15, 17, 20, 25, 30, 31, 32, 33, 34, 37, 40, 45, 54, 63, 73, 89, 104, 106, 109, 120], "summary": {"covered_lines": 26, "num_statements": 66, "percent_covered": 39.39393939393939, "percent_covered_display": "39", "missing_lines": 40, "excluded_lines": 2}, "missing_lines": [22, 27, 47, 48, 49, 50, 51, 56, 57, 58, 59, 60, 65, 66, 67, 68, 69, 70, 75, 76, 77, 78, 79, 81, 82, 83, 84, 85, 86, 91, 95, 98, 99, 100, 101, 113, 114, 115, 116, 117], "excluded_lines": [120, 121]}, "src/google_api.py": {"executed_lines": [1, 2, 3, 6, 7, 28, 34], "summary": {"covered_lines": 7, "num_statements": 19, "percent_covered": 36.8421052631579, "percent_covered_display": "37", "missing_lines": 12, "excluded_lines": 0}, "missing_lines": [8, 9, 17, 18, 25, 26, 29, 30, 32, 35, 36, 38], "excluded_lines": []}, "src/google_calendar.py": {"executed_lines": [1, 3, 4, 5, 7, 9, 14, 15, 22, 38, 41, 50, 71, 112, 117, 136, 139, 142, 148], "summary": {"covered_lines": 17, "num_statements": 58, "percent_covered": 29.310344827586206, "percent_covered_display": "29", "missing_lines": 41, "excluded_lines": 8}, "missing_lines": [16, 17, 18, 19, 20, 28, 29, 30, 31, 32, 33, 34, 35, 36, 39, 42, 43, 47, 48, 51, 63, 77, 78, 80, 97, 98, 100, 101, 104, 105, 106, 108, 109, 110, 113, 118, 124, 128, 137, 140, 143], "excluded_lines": [148, 149, 151, 152, 159, 160, 161, 162]}, "src/google_sheet.py": {"executed_lines": [1, 3, 4, 6, 8, 11, 12, 14, 33, 47, 56, 71, 80, 108, 132, 150, 171, 189, 213, 246, 265, 270], "summary": {"covered_lines": 19, "num_statements": 79, "percent_covered": 24.050632911392405, "percent_covered_display": "24", "missing_lines": 60, "excluded_lines": 6}, "missing_lines": [22, 23, 24, 27, 28, 29, 30, 31, 40, 41, 42, 43, 44, 45, 49, 50, 51, 61, 73, 74, 75, 86, 87, 88, 91, 101, 102, 103, 104, 105, 106, 117, 120, 121, 122, 123, 124, 125, 126, 127, 129, 130, 137, 138, 143, 145, 148, 155, 169, 176, 191, 206, 211, 215, 239, 244, 251, 262, 263, 267], "excluded_lines": [270, 271, 273, 274, 275, 276]}, "src/ifttt.py": {"executed_lines": [1, 5, 6, 8, 9, 12, 13, 15, 21, 26, 44], "summary": {"covered_lines": 8, "num_statements": 21, "percent_covered": 38.095238095238095, "percent_covered_display": "38", "missing_lines": 13, "excluded_lines": 5}, "missing_lines": [17, 18, 19, 23, 24, 28, 30, 31, 32, 38, 39, 40, 41], "excluded_lines": [44, 45, 47, 48, 49]}, "src/openhab.py": {"executed_lines": [1, 6, 7, 9, 12, 13, 15, 19], "summary": {"covered_lines": 6, "num_statements": 19, "percent_covered": 31.57894736842105, "percent_covered_display": "32", "missing_lines": 13, "excluded_lines": 0}, "missing_lines": [17, 21, 22, 23, 24, 30, 33, 34, 35, 36, 40, 42, 43], "excluded_lines": []}, "src/version.py": {"executed_lines": [1], "summary": {"covered_lines": 1, "num_statements": 1, "percent_covered": 100.0, "percent_covered_display": "100", "missing_lines": 0, "excluded_lines": 0}, "missing_lines": [], "excluded_lines": []}}, "totals": {"covered_lines": 182, "num_statements": 376, "percent_covered": 48.40425531914894, "percent_covered_display": "48", "missing_lines": 194, "excluded_lines": 21}}}