{"coverage": 86.55804480651732, "raw_data": {"meta": {"version": "7.3.2", "timestamp": "2023-10-04T04:29:31.665750", "branch_coverage": false, "show_contexts": false}, "files": {"src/action.py": {"executed_lines": [1, 5, 6, 7, 8, 9, 10, 12, 13, 14, 15, 16, 17, 20, 21, 23, 25, 26, 28, 42, 43, 44, 45, 49, 50, 51, 52, 53, 54, 59, 60, 61, 63, 64, 66, 68, 69, 70, 71, 72, 73, 76, 80, 82, 90, 92, 93, 94, 95, 96, 97, 98, 100, 101, 102, 103, 104, 107, 108, 109, 110, 112, 114, 120, 121, 124, 125, 126, 127, 128, 129, 130, 131, 136, 149, 156, 160, 161, 163, 167, 173, 174, 175, 177, 181, 182, 183, 184, 185, 186, 187, 188, 193, 200, 201, 202, 205, 207, 208, 209, 210, 211, 212], "summary": {"covered_lines": 101, "num_statements": 118, "percent_covered": 85.59322033898304, "percent_covered_display": "86", "missing_lines": 17, "excluded_lines": 0}, "missing_lines": [74, 75, 77, 106, 123, 132, 133, 134, 140, 141, 142, 153, 154, 189, 192, 196, 199], "excluded_lines": []}, "src/amazon_dash.py": {"executed_lines": [1, 7, 8, 9, 10, 11, 13, 14, 15, 17, 19, 20, 25, 26, 28, 30, 31, 32, 33, 34, 37, 39, 40, 42, 44, 45, 47, 49, 50, 52, 53, 54, 55, 56, 58, 60, 61, 62, 63, 66, 68, 70, 71, 72, 73, 76, 77, 79, 81, 82, 83, 84, 85, 94, 99, 103, 105, 106, 108, 110, 111, 114, 115, 116, 118, 120, 122, 124, 125, 126, 127, 128, 131], "summary": {"covered_lines": 70, "num_statements": 76, "percent_covered": 92.10526315789474, "percent_covered_display": "92", "missing_lines": 6, "excluded_lines": 3}, "missing_lines": [87, 88, 89, 90, 91, 92], "excluded_lines": [131, 132, 133]}, "src/google_api.py": {"executed_lines": [1, 2, 3, 5, 6, 7, 10, 11, 13, 15, 17, 18, 19, 21, 23, 24, 32, 33, 37, 39, 41, 43, 44, 46, 48, 50, 51, 52, 54, 60, 64], "summary": {"covered_lines": 29, "num_statements": 32, "percent_covered": 90.625, "percent_covered_display": "91", "missing_lines": 3, "excluded_lines": 0}, "missing_lines": [58, 62, 66], "excluded_lines": []}, "src/google_calendar.py": {"executed_lines": [1, 3, 4, 5, 6, 8, 10, 15, 16, 18, 20, 21, 22, 24, 46, 48, 50, 52, 53, 54, 55, 57, 59, 71, 79, 86, 87, 89, 106, 107, 109, 110, 113, 114, 116, 117, 120, 122, 126, 128, 134, 138, 146, 148, 150, 152, 154, 156, 161, 187], "summary": {"covered_lines": 47, "num_statements": 73, "percent_covered": 64.38356164383562, "percent_covered_display": "64", "missing_lines": 26, "excluded_lines": 2}, "missing_lines": [33, 34, 35, 36, 37, 40, 41, 42, 43, 44, 115, 118, 163, 165, 166, 167, 170, 171, 172, 173, 175, 178, 179, 182, 183, 184], "excluded_lines": [187, 188]}, "src/google_sheet.py": {"executed_lines": [1, 3, 4, 6, 8, 11, 12, 14, 22, 27, 28, 29, 30, 31, 33, 40, 41, 42, 43, 44, 45, 47, 49, 50, 51, 56, 65, 66, 76, 78, 79, 80, 85, 91, 92, 93, 96, 106, 107, 108, 109, 110, 111, 112, 114, 123, 126, 127, 128, 129, 130, 131, 132, 138, 143, 144, 149, 151, 154, 156, 161, 175, 177, 182, 195, 197, 212, 217, 219, 221, 245, 250, 252, 257, 268, 269, 271, 273, 276, 287], "summary": {"covered_lines": 77, "num_statements": 86, "percent_covered": 89.53488372093024, "percent_covered_display": "90", "missing_lines": 9, "excluded_lines": 2}, "missing_lines": [133, 135, 136, 278, 280, 281, 282, 283, 284], "excluded_lines": [287, 288]}, "src/ifttt.py": {"executed_lines": [1, 5, 6, 8, 9, 12, 13, 15, 17, 18, 19, 21, 23, 24, 26, 28, 30, 31, 32, 38, 39, 40, 41, 44, 54], "summary": {"covered_lines": 22, "num_statements": 27, "percent_covered": 81.48148148148148, "percent_covered_display": "81", "missing_lines": 5, "excluded_lines": 2}, "missing_lines": [46, 48, 49, 50, 51], "excluded_lines": [54, 55]}, "src/models.py": {"executed_lines": [1, 3, 6, 7, 9, 10, 11, 14, 15, 17, 18, 19, 22, 23, 25, 26, 27, 30, 31, 33, 34, 35, 36, 37, 38, 39, 40, 43, 44, 46, 47, 48, 49, 50, 51, 52, 55, 56, 58, 59, 60, 61, 62, 65, 66, 68, 69, 70, 71, 72, 75, 76, 79, 80, 83, 84, 87, 88, 90, 91, 92, 93, 94, 95, 96, 97, 98], "summary": {"covered_lines": 58, "num_statements": 58, "percent_covered": 100.0, "percent_covered_display": "100", "missing_lines": 0, "excluded_lines": 0}, "missing_lines": [], "excluded_lines": []}, "src/openhab.py": {"executed_lines": [1, 6, 7, 9, 11, 14, 15, 17, 19, 21, 23, 24, 25, 26, 31, 33, 36, 37, 38, 39, 43, 45, 46], "summary": {"covered_lines": 21, "num_statements": 21, "percent_covered": 100.0, "percent_covered_display": "100", "missing_lines": 0, "excluded_lines": 0}, "missing_lines": [], "excluded_lines": []}}, "totals": {"covered_lines": 425, "num_statements": 491, "percent_covered": 86.55804480651732, "percent_covered_display": "87", "missing_lines": 66, "excluded_lines": 9}}, "coverage_path": "."}