{"coverage": 68.51851851851852, "raw_data": {"meta": {"version": "7.3.1", "timestamp": "2023-09-13T07:13:04.130306", "branch_coverage": false, "show_contexts": false}, "files": {"src/action.py": {"executed_lines": [1, 5, 6, 7, 8, 10, 11, 12, 13, 16, 17, 19, 21, 22, 24, 38, 39, 40, 41, 45, 46, 47, 48, 49, 50, 55, 56, 57, 59, 60, 62, 64, 65, 66, 67, 68, 69, 72, 76, 78, 84, 86, 87, 88, 89, 90, 91, 92, 93, 94, 95, 96, 97, 98, 100, 101, 102, 103, 104, 107, 108, 109, 110, 112, 114, 120, 121, 124, 125, 126, 127, 128, 129, 130, 134, 144, 149, 151, 152, 154, 156, 162, 163, 165, 167, 168, 169, 170, 171, 172, 177, 184, 185, 186, 189, 191, 192, 193, 194, 195], "summary": {"covered_lines": 98, "num_statements": 113, "percent_covered": 86.72566371681415, "percent_covered_display": "87", "missing_lines": 15, "excluded_lines": 0}, "missing_lines": [70, 71, 73, 106, 123, 131, 132, 136, 137, 146, 147, 173, 176, 180, 183], "excluded_lines": []}, "src/amazon_dash.py": {"executed_lines": [1, 7, 8, 9, 10, 11, 13, 14, 15, 17, 20, 22, 25, 27, 30, 31, 32, 33, 34, 37, 40, 45, 47, 48, 49, 50, 51, 54, 56, 57, 58, 59, 60, 63, 65, 66, 67, 68, 69, 70, 73, 75, 76, 77, 78, 79, 89, 91, 95, 98, 99, 100, 101, 104, 106, 109, 113, 114, 115, 116, 117, 120], "summary": {"covered_lines": 60, "num_statements": 66, "percent_covered": 90.9090909090909, "percent_covered_display": "91", "missing_lines": 6, "excluded_lines": 2}, "missing_lines": [81, 82, 83, 84, 85, 86], "excluded_lines": [120, 121]}, "src/google_api.py": {"executed_lines": [1, 2, 4, 5, 6, 9, 10, 12, 14, 15, 16, 18, 20, 21, 29, 30, 34, 36, 37, 39, 41, 43, 45, 47, 48], "summary": {"covered_lines": 23, "num_statements": 24, "percent_covered": 95.83333333333333, "percent_covered_display": "96", "missing_lines": 1, "excluded_lines": 0}, "missing_lines": [46], "excluded_lines": []}, "src/google_calendar.py": {"executed_lines": [1, 3, 4, 5, 7, 9, 14, 15, 20, 36, 39, 48, 69, 110, 115, 134, 137, 140, 146], "summary": {"covered_lines": 17, "num_statements": 56, "percent_covered": 30.357142857142858, "percent_covered_display": "30", "missing_lines": 39, "excluded_lines": 8}, "missing_lines": [16, 17, 18, 26, 27, 28, 29, 30, 31, 32, 33, 34, 37, 40, 41, 45, 46, 49, 61, 75, 76, 78, 95, 96, 98, 99, 102, 103, 104, 106, 107, 108, 111, 116, 122, 126, 135, 138, 141], "excluded_lines": [146, 147, 149, 150, 157, 158, 159, 160]}, "src/google_sheet.py": {"executed_lines": [1, 3, 4, 6, 8, 11, 12, 14, 34, 48, 57, 72, 81, 109, 133, 151, 172, 190, 214, 247, 266, 271], "summary": {"covered_lines": 19, "num_statements": 77, "percent_covered": 24.675324675324674, "percent_covered_display": "25", "missing_lines": 58, "excluded_lines": 6}, "missing_lines": [22, 28, 29, 30, 31, 32, 41, 42, 43, 44, 45, 46, 50, 51, 52, 62, 74, 75, 76, 87, 88, 89, 92, 102, 103, 104, 105, 106, 107, 118, 121, 122, 123, 124, 125, 126, 127, 128, 130, 131, 138, 139, 144, 146, 149, 156, 170, 177, 192, 207, 212, 216, 240, 245, 252, 263, 264, 268], "excluded_lines": [271, 272, 274, 275, 276, 277]}, "src/ifttt.py": {"executed_lines": [1, 5, 6, 8, 9, 12, 13, 15, 17, 18, 19, 21, 23, 24, 26, 28, 30, 31, 32, 38, 39, 40, 41, 44], "summary": {"covered_lines": 21, "num_statements": 21, "percent_covered": 100.0, "percent_covered_display": "100", "missing_lines": 0, "excluded_lines": 5}, "missing_lines": [], "excluded_lines": [44, 45, 47, 48, 49]}, "src/openhab.py": {"executed_lines": [1, 6, 7, 9, 12, 13, 15, 17, 19, 21, 22, 23, 24, 29, 31, 34, 35, 36, 37, 41, 43, 44], "summary": {"covered_lines": 20, "num_statements": 20, "percent_covered": 100.0, "percent_covered_display": "100", "missing_lines": 0, "excluded_lines": 0}, "missing_lines": [], "excluded_lines": []}, "src/version.py": {"executed_lines": [1], "summary": {"covered_lines": 1, "num_statements": 1, "percent_covered": 100.0, "percent_covered_display": "100", "missing_lines": 0, "excluded_lines": 0}, "missing_lines": [], "excluded_lines": []}}, "totals": {"covered_lines": 259, "num_statements": 378, "percent_covered": 68.51851851851852, "percent_covered_display": "69", "missing_lines": 119, "excluded_lines": 21}}}