{"coverage": 86.3265306122449, "raw_data": {"meta": {"version": "7.4.0", "timestamp": "2023-12-28T05:50:49.233528", "branch_coverage": false, "show_contexts": false}, "files": {"src/action.py": {"executed_lines": [1, 5, 6, 7, 8, 9, 11, 12, 13, 14, 15, 16, 19, 20, 22, 24, 25, 27, 43, 44, 45, 46, 50, 51, 52, 53, 54, 59, 60, 61, 63, 64, 66, 68, 69, 70, 71, 72, 73, 76, 80, 82, 93, 95, 96, 97, 98, 99, 100, 101, 103, 118, 119, 121, 123, 129, 130, 133, 134, 135, 136, 137, 138, 139, 144, 157, 164, 168, 169, 171, 175, 181, 182, 183, 185, 189, 190, 191, 192, 193, 194, 195, 196, 201, 208, 209, 210, 213, 215, 216, 217, 218, 219, 220], "summary": {"covered_lines": 92, "num_statements": 108, "percent_covered": 85.18518518518519, "percent_covered_display": "85", "missing_lines": 16, "excluded_lines": 0}, "missing_lines": [74, 75, 77, 132, 140, 141, 142, 148, 149, 150, 161, 162, 197, 200, 204, 207], "excluded_lines": []}, "src/amazon_dash.py": {"executed_lines": [1, 7, 8, 9, 10, 12, 13, 14, 16, 17, 19, 24, 25, 27, 29, 30, 31, 32, 33, 37, 38, 40, 42, 43, 45, 47, 49, 50, 51, 52, 55, 57, 59, 60, 61, 62, 65, 68, 70, 72, 73, 74, 75, 76, 85, 90, 91, 96, 98, 99, 101, 103, 104, 105, 108, 109, 110, 112, 114, 116, 118, 119, 120, 121, 124], "summary": {"covered_lines": 62, "num_statements": 68, "percent_covered": 91.17647058823529, "percent_covered_display": "91", "missing_lines": 6, "excluded_lines": 3}, "missing_lines": [78, 79, 80, 81, 82, 83], "excluded_lines": [124, 125, 126]}, "src/google_api.py": {"executed_lines": [1, 2, 3, 5, 6, 7, 9, 12, 13, 15, 17, 19, 20, 21, 23, 25, 26, 34, 35, 39, 41, 43, 45, 46, 48, 50, 52, 53, 54, 56, 62, 66], "summary": {"covered_lines": 30, "num_statements": 33, "percent_covered": 90.9090909090909, "percent_covered_display": "91", "missing_lines": 3, "excluded_lines": 0}, "missing_lines": [60, 64, 68], "excluded_lines": []}, "src/google_calendar.py": {"executed_lines": [1, 3, 4, 5, 6, 8, 10, 11, 16, 17, 19, 21, 22, 23, 25, 47, 49, 51, 53, 54, 55, 56, 58, 60, 72, 80, 87, 88, 90, 107, 108, 110, 111, 114, 115, 117, 118, 121, 123, 127, 129, 135, 139, 147, 149, 151, 153, 155, 157, 162, 191], "summary": {"covered_lines": 48, "num_statements": 75, "percent_covered": 64.0, "percent_covered_display": "64", "missing_lines": 27, "excluded_lines": 2}, "missing_lines": [34, 35, 36, 37, 38, 41, 42, 43, 44, 45, 116, 119, 164, 166, 167, 168, 171, 174, 175, 176, 177, 179, 182, 183, 186, 187, 188], "excluded_lines": [191, 192]}, "src/google_sheet.py": {"executed_lines": [1, 3, 4, 6, 7, 9, 12, 13, 15, 23, 28, 29, 30, 31, 32, 34, 41, 42, 43, 44, 45, 46, 48, 50, 51, 52, 57, 66, 67, 77, 79, 80, 81, 86, 92, 93, 94, 97, 107, 108, 109, 110, 111, 112, 113, 115, 124, 127, 128, 129, 130, 131, 132, 133, 139, 144, 145, 150, 152, 155, 157, 162, 176, 178, 183, 196, 198, 213, 218, 220, 222, 246, 251, 253, 258, 269, 270, 272, 274, 277, 288], "summary": {"covered_lines": 78, "num_statements": 87, "percent_covered": 89.65517241379311, "percent_covered_display": "90", "missing_lines": 9, "excluded_lines": 2}, "missing_lines": [134, 136, 137, 279, 281, 282, 283, 284, 285], "excluded_lines": [288, 289]}, "src/ifttt.py": {"executed_lines": [1, 5, 6, 8, 9, 11, 14, 15, 17, 19, 20, 21, 23, 25, 26, 28, 30, 32, 33, 34, 40, 41, 42, 43, 46, 56], "summary": {"covered_lines": 23, "num_statements": 28, "percent_covered": 82.14285714285714, "percent_covered_display": "82", "missing_lines": 5, "excluded_lines": 2}, "missing_lines": [48, 50, 51, 52, 53], "excluded_lines": [56, 57]}, "src/models.py": {"executed_lines": [1, 3, 5, 8, 9, 11, 12, 13, 16, 17, 19, 20, 21, 24, 25, 27, 28, 29, 32, 35, 36, 38, 39, 43, 44, 45, 46, 49, 52, 53, 55, 56, 57, 58, 59, 60, 61, 62, 65, 66, 68, 69, 70, 71, 72, 73, 74, 77, 78, 80, 81, 82, 83, 84, 87, 88, 90, 91, 92, 93, 94, 97, 98, 101, 102, 105, 106, 109, 110, 112, 113, 114, 115, 116, 117, 118, 119, 120, 123, 124], "summary": {"covered_lines": 70, "num_statements": 70, "percent_covered": 100.0, "percent_covered_display": "100", "missing_lines": 0, "excluded_lines": 0}, "missing_lines": [], "excluded_lines": []}, "src/openhab.py": {"executed_lines": [1, 6, 8, 10, 13, 14, 16, 18, 20, 22, 23, 24, 25, 30, 32, 35, 36, 37, 38, 42, 44, 45], "summary": {"covered_lines": 20, "num_statements": 20, "percent_covered": 100.0, "percent_covered_display": "100", "missing_lines": 0, "excluded_lines": 0}, "missing_lines": [], "excluded_lines": []}, "src/version.py": {"executed_lines": [], "summary": {"covered_lines": 0, "num_statements": 1, "percent_covered": 0.0, "percent_covered_display": "0", "missing_lines": 1, "excluded_lines": 0}, "missing_lines": [1], "excluded_lines": []}}, "totals": {"covered_lines": 423, "num_statements": 490, "percent_covered": 86.3265306122449, "percent_covered_display": "86", "missing_lines": 67, "excluded_lines": 9}}, "coverage_path": "."}