{"coverage": 85.77235772357723, "raw_data": {"meta": {"format": 2, "version": "7.5.0", "timestamp": "2024-05-02T04:24:00.419827", "branch_coverage": false, "show_contexts": false}, "files": {"src/action.py": {"executed_lines": [1, 6, 7, 8, 9, 10, 12, 13, 14, 15, 16, 17, 20, 21, 23, 25, 26, 28, 44, 45, 46, 47, 51, 52, 53, 54, 55, 56, 61, 62, 63, 65, 66, 68, 70, 71, 72, 73, 74, 75, 78, 82, 84, 95, 97, 98, 99, 100, 101, 102, 103, 105, 120, 121, 123, 125, 131, 132, 135, 136, 137, 138, 139, 140, 141, 146, 161, 170, 176, 177, 179, 185, 191, 192, 193, 195, 199, 200, 201, 202, 203, 204, 205, 206, 211, 218, 219, 220, 223, 225, 226, 227, 228, 229, 230], "summary": {"covered_lines": 93, "num_statements": 109, "percent_covered": 85.3211009174312, "percent_covered_display": "85", "missing_lines": 16, "excluded_lines": 0}, "missing_lines": [76, 77, 79, 134, 142, 143, 144, 152, 153, 154, 167, 168, 207, 210, 214, 217], "excluded_lines": []}, "src/amazon_dash.py": {"executed_lines": [1, 7, 8, 9, 10, 12, 13, 14, 16, 17, 19, 24, 25, 27, 29, 30, 31, 32, 33, 37, 38, 40, 42, 43, 45, 47, 49, 50, 51, 52, 55, 57, 59, 60, 61, 62, 65, 68, 70, 72, 73, 74, 75, 76, 85, 90, 91, 96, 98, 99, 101, 103, 104, 105, 108, 109, 110, 112, 114, 116, 118, 119, 120, 121, 124], "summary": {"covered_lines": 62, "num_statements": 68, "percent_covered": 91.17647058823529, "percent_covered_display": "91", "missing_lines": 6, "excluded_lines": 3}, "missing_lines": [78, 79, 80, 81, 82, 83], "excluded_lines": [124, 125, 126]}, "src/google_api.py": {"executed_lines": [1, 3, 4, 5, 7, 8, 9, 11, 14, 15, 17, 19, 21, 22, 23, 24, 26, 28, 29, 44, 46, 47, 48, 49, 51, 52, 54, 56, 62, 66], "summary": {"covered_lines": 28, "num_statements": 34, "percent_covered": 82.3529411764706, "percent_covered_display": "82", "missing_lines": 6, "excluded_lines": 0}, "missing_lines": [37, 38, 42, 60, 64, 68], "excluded_lines": []}, "src/google_calendar.py": {"executed_lines": [1, 3, 4, 5, 6, 8, 10, 11, 17, 18, 20, 22, 23, 24, 26, 48, 50, 52, 54, 55, 56, 57, 59, 61, 73, 80, 87, 88, 90, 106, 107, 109, 110, 113, 114, 116, 117, 120, 122, 127, 129, 134, 138, 145, 147, 149, 151, 153, 155, 160, 189], "summary": {"covered_lines": 48, "num_statements": 75, "percent_covered": 64.0, "percent_covered_display": "64", "missing_lines": 27, "excluded_lines": 2}, "missing_lines": [35, 36, 37, 38, 39, 42, 43, 44, 45, 46, 115, 118, 162, 164, 165, 166, 169, 172, 173, 174, 175, 177, 180, 181, 184, 185, 186], "excluded_lines": [189, 190]}, "src/google_sheet.py": {"executed_lines": [1, 3, 4, 6, 7, 9, 12, 13, 15, 23, 28, 29, 30, 31, 32, 34, 41, 42, 43, 44, 45, 46, 48, 50, 51, 52, 57, 66, 67, 77, 79, 80, 81, 86, 92, 93, 94, 97, 107, 108, 109, 110, 111, 112, 113, 115, 124, 127, 128, 129, 130, 131, 132, 133, 139, 144, 145, 148, 150, 153, 155, 160, 173, 175, 180, 192, 194, 209, 212, 214, 216, 240, 243, 245, 250, 260, 261, 263, 265, 268, 279], "summary": {"covered_lines": 78, "num_statements": 87, "percent_covered": 89.65517241379311, "percent_covered_display": "90", "missing_lines": 9, "excluded_lines": 2}, "missing_lines": [134, 136, 137, 270, 272, 273, 274, 275, 276], "excluded_lines": [279, 280]}, "src/ifttt.py": {"executed_lines": [1, 6, 7, 9, 10, 12, 15, 16, 18, 20, 21, 22, 24, 26, 27, 29, 31, 33, 34, 35, 41, 42, 43, 44, 47, 57], "summary": {"covered_lines": 23, "num_statements": 28, "percent_covered": 82.14285714285714, "percent_covered_display": "82", "missing_lines": 5, "excluded_lines": 2}, "missing_lines": [49, 51, 52, 53, 54], "excluded_lines": [57, 58]}, "src/models.py": {"executed_lines": [1, 3, 5, 8, 9, 11, 12, 13, 16, 17, 19, 20, 21, 24, 25, 27, 28, 29, 32, 35, 36, 38, 39, 41, 42, 43, 44, 47, 50, 51, 53, 54, 55, 56, 57, 58, 59, 60, 63, 64, 66, 67, 68, 69, 70, 71, 72, 75, 76, 78, 79, 80, 81, 82, 85, 86, 88, 89, 90, 91, 92, 95, 96, 99, 100, 103, 104, 107, 108, 110, 111, 112, 113, 114, 115, 116, 117, 118, 121, 122], "summary": {"covered_lines": 70, "num_statements": 70, "percent_covered": 100.0, "percent_covered_display": "100", "missing_lines": 0, "excluded_lines": 0}, "missing_lines": [], "excluded_lines": []}, "src/openhab.py": {"executed_lines": [1, 6, 8, 10, 13, 14, 16, 18, 20, 22, 23, 24, 25, 30, 32, 35, 36, 37, 38, 42, 44, 45], "summary": {"covered_lines": 20, "num_statements": 20, "percent_covered": 100.0, "percent_covered_display": "100", "missing_lines": 0, "excluded_lines": 0}, "missing_lines": [], "excluded_lines": []}, "src/version.py": {"executed_lines": [], "summary": {"covered_lines": 0, "num_statements": 1, "percent_covered": 0.0, "percent_covered_display": "0", "missing_lines": 1, "excluded_lines": 0}, "missing_lines": [1], "excluded_lines": []}}, "totals": {"covered_lines": 422, "num_statements": 492, "percent_covered": 85.77235772357723, "percent_covered_display": "86", "missing_lines": 70, "excluded_lines": 9}}, "coverage_path": "."}