{"coverage": 90.15544041450777, "raw_data": {"meta": {"version": "7.3.1", "timestamp": "2023-09-16T07:08:12.098224", "branch_coverage": false, "show_contexts": false}, "files": {"src/action.py": {"executed_lines": [1, 5, 6, 7, 8, 10, 11, 12, 13, 16, 17, 19, 21, 22, 24, 38, 39, 40, 41, 45, 46, 47, 48, 49, 50, 55, 56, 57, 59, 60, 62, 64, 65, 66, 67, 68, 69, 72, 76, 78, 84, 86, 87, 88, 89, 90, 91, 92, 93, 94, 95, 96, 97, 98, 100, 101, 102, 103, 104, 107, 108, 109, 110, 112, 114, 120, 121, 124, 125, 126, 127, 128, 129, 130, 134, 144, 149, 151, 152, 154, 156, 162, 163, 165, 167, 168, 169, 170, 171, 172, 177, 184, 185, 186, 189, 191, 192, 193, 194, 195], "summary": {"covered_lines": 98, "num_statements": 113, "percent_covered": 86.72566371681415, "percent_covered_display": "87", "missing_lines": 15, "excluded_lines": 0}, "missing_lines": [70, 71, 73, 106, 123, 131, 132, 136, 137, 146, 147, 173, 176, 180, 183], "excluded_lines": []}, "src/amazon_dash.py": {"executed_lines": [1, 7, 8, 9, 10, 11, 13, 14, 15, 17, 20, 22, 25, 27, 30, 31, 32, 33, 34, 37, 40, 45, 47, 48, 49, 50, 51, 54, 56, 57, 58, 59, 60, 63, 65, 66, 67, 68, 69, 70, 73, 75, 76, 77, 78, 79, 89, 91, 95, 98, 99, 100, 101, 104, 106, 109, 113, 114, 115, 116, 117, 120], "summary": {"covered_lines": 60, "num_statements": 66, "percent_covered": 90.9090909090909, "percent_covered_display": "91", "missing_lines": 6, "excluded_lines": 2}, "missing_lines": [81, 82, 83, 84, 85, 86], "excluded_lines": [120, 121]}, "src/google_api.py": {"executed_lines": [1, 2, 4, 5, 6, 9, 10, 12, 14, 15, 16, 18, 20, 21, 29, 30, 34, 36, 38, 40, 41, 43, 45, 47, 48, 49, 50], "summary": {"covered_lines": 25, "num_statements": 25, "percent_covered": 100.0, "percent_covered_display": "100", "missing_lines": 0, "excluded_lines": 0}, "missing_lines": [], "excluded_lines": []}, "src/google_calendar.py": {"executed_lines": [1, 3, 4, 5, 6, 8, 10, 15, 16, 18, 20, 21, 22, 24, 33, 34, 35, 36, 37, 40, 41, 42, 46, 48, 50, 52, 53, 54, 55, 57, 59, 71, 79, 86, 87, 89, 106, 107, 109, 110, 113, 114, 116, 117, 120, 122, 126, 128, 134, 138, 146, 148, 150, 152, 154, 156, 161], "summary": {"covered_lines": 54, "num_statements": 58, "percent_covered": 93.10344827586206, "percent_covered_display": "93", "missing_lines": 4, "excluded_lines": 5}, "missing_lines": [43, 44, 115, 118], "excluded_lines": [161, 162, 164, 165, 166]}, "src/google_sheet.py": {"executed_lines": [1, 3, 4, 6, 8, 11, 12, 14, 22, 27, 28, 29, 30, 31, 33, 40, 41, 42, 43, 44, 47, 49, 50, 51, 56, 61, 71, 73, 74, 75, 80, 86, 87, 88, 91, 101, 102, 108, 117, 120, 121, 122, 123, 124, 125, 126, 132, 137, 138, 143, 145, 150, 155, 169, 171, 176, 189, 191, 206, 211, 213, 215, 239, 244, 246, 251, 262, 263, 265, 267, 272, 275], "summary": {"covered_lines": 69, "num_statements": 82, "percent_covered": 84.14634146341463, "percent_covered_display": "84", "missing_lines": 13, "excluded_lines": 6}, "missing_lines": [45, 103, 104, 105, 106, 127, 129, 130, 148, 268, 269, 270, 271], "excluded_lines": [275, 276, 278, 279, 280, 281]}, "src/ifttt.py": {"executed_lines": [1, 5, 6, 8, 9, 12, 13, 15, 17, 18, 19, 21, 23, 24, 26, 28, 30, 31, 32, 38, 39, 40, 41, 44], "summary": {"covered_lines": 21, "num_statements": 21, "percent_covered": 100.0, "percent_covered_display": "100", "missing_lines": 0, "excluded_lines": 5}, "missing_lines": [], "excluded_lines": [44, 45, 47, 48, 49]}, "src/openhab.py": {"executed_lines": [1, 6, 7, 9, 12, 13, 15, 17, 19, 21, 22, 23, 24, 29, 31, 34, 35, 36, 37, 41, 43, 44], "summary": {"covered_lines": 20, "num_statements": 20, "percent_covered": 100.0, "percent_covered_display": "100", "missing_lines": 0, "excluded_lines": 0}, "missing_lines": [], "excluded_lines": []}, "src/version.py": {"executed_lines": [1], "summary": {"covered_lines": 1, "num_statements": 1, "percent_covered": 100.0, "percent_covered_display": "100", "missing_lines": 0, "excluded_lines": 0}, "missing_lines": [], "excluded_lines": []}}, "totals": {"covered_lines": 348, "num_statements": 386, "percent_covered": 90.15544041450777, "percent_covered_display": "90", "missing_lines": 38, "excluded_lines": 18}}}